"","category","over_represented_pvalue","under_represented_pvalue","numDEInCat","numInCat","Annotation","ontology"
"1","ARA:PWY-3101",0.00518897350743334,1,2,2,"flavonol biosynthesis","BioCyc"
"2","ARA:PWY-702",0.00800324863059016,0.999514363680009,3,6,"L-methionine biosynthesis II","BioCyc"
"3","ARA:PWY-7193",0.0172872376388575,0.99845511594336,3,7,"pyrimidine ribonucleosides salvage I","BioCyc"
"4","ARA:GLNSYN-PWY",0.019398066838981,0.999441803393429,2,3,"L-glutamine biosynthesis I","BioCyc"
"5","ARA:PWY-3801",0.0205409586899907,0.995760495727364,5,19,"sucrose degradation II (sucrose synthase)","BioCyc"
"6","ARA:PWY-7199",0.0221265760196953,0.999042795738093,2,4,"pyrimidine deoxyribonucleosides salvage","BioCyc"
"7","ARA:PWY-6367",0.038251547327375,0.997762786751608,2,4,"D-myo-inositol-5-phosphate metabolism","BioCyc"
"8","ARA:PWY-7200",0.0385424562601484,0.994362917275727,3,12,"superpathway of pyrimidine deoxyribonucleoside salvage","BioCyc"
"9","ARA:PWY-6964",0.0457951845523581,0.997036104395101,2,4,"ammonia assimilation cycle II","BioCyc"
"10","ARA:PWY-7196",0.0476609133824854,0.989503900517614,4,18,"superpathway of pyrimidine ribonucleosides salvage","BioCyc"
"11","ARA:PWY-6963",0.0485319444312968,0.996753839136142,2,4,"ammonia assimilation cycle I","BioCyc"
"12","ARA:PWY-381",0.0575170048598649,0.995122339703922,2,5,"nitrate reduction II (assimilatory)","BioCyc"
"13","ARA:PWY-4541",0.063550277491962,1,1,1,"lipid-dependent phytate biosynthesis I (via Ins(1,4,5)P3)","BioCyc"
"14","ARA:PWYQT-4466",0.0640772884881264,0.981063721938472,5,26,"superpathway of sucrose and starch metabolism I (non-photosynthetic tissue)","BioCyc"
"15","ARA:PWY-6596",0.0649907047771772,0.988451878109306,3,11,"adenosine nucleotides degradation I","BioCyc"
"16","ARA:PWY-7238",0.067266151906503,0.983520744462599,4,17,"sucrose biosynthesis II","BioCyc"
"17","ARA:PWY-102",0.0697655474972516,0.992852732757773,2,6,"gibberellin inactivation I (2&beta;-hydroxylation)","BioCyc"
"18","ARA:PWY-7224",0.0703457326441025,0.992386190734757,2,7,"purine deoxyribonucleosides salvage","BioCyc"
"19","ARA:PWY-5060",0.0709027107941608,1,1,1,"luteolin biosynthesis","BioCyc"
"20","ARA:PWY-2881",0.0718140203620521,1,1,1,"cytokinins 7-N-glucoside biosynthesis","BioCyc"
"21","ARA:PWY-2901",0.0718140203620521,1,1,1,"cytokinins 9-N-glucoside biosynthesis","BioCyc"
"22","ARA:PWY-6890",0.0775919471798646,1,1,1,"4-amino-2-methyl-5-diphosphomethylpyrimidine biosynthesis","BioCyc"
"23","ARA:PWY-6910",0.0775919471798646,1,1,1,"hydroxymethylpyrimidine salvage","BioCyc"
"24","ARA:PWY-6606",0.0934236910560222,0.988654052440274,2,6,"guanosine nucleotides degradation II","BioCyc"
"25","ARA:PWY-7039",0.111610767809113,0.973835001449384,3,14,"phosphatidate metabolism, as a signaling molecule","BioCyc"
"26","ARA:PWY-6607",0.119700076625476,0.982301471617613,2,7,"guanosine nucleotides degradation I","BioCyc"
"27","ARA:HEME-BIOSYNTHESIS-II",0.120847292080998,0.981411542874431,2,8,"heme biosynthesis I (aerobic)","BioCyc"
"28","ARA:HOMOSER-THRESYN-PWY",0.122015678414491,0.996069727087,1,2,"L-threonine biosynthesis","BioCyc"
"29","ARA:PWY-724",0.124498638724042,0.968792386673172,3,16,"superpathway of L-lysine, L-threonine and L-methionine biosynthesis II","BioCyc"
"30","ARA:PWY-6549",0.128043739168443,0.96808946046474,3,14,"L-glutamine biosynthesis III","BioCyc"
"31","ARA:NONOXIPENT-PWY",0.129117278657951,0.978812280768319,2,9,"pentose phosphate pathway (non-oxidative branch)","BioCyc"
"32","ARA:PWY-6556",0.132829491457363,0.995313968157591,1,2,"pyrimidine ribonucleosides salvage II","BioCyc"
"33","ARA:PWY-5340",0.137772307001992,0.994944688649975,1,2,"sulfate activation for sulfonation","BioCyc"
"34","ARA:PWY-5035",0.141918215383274,0.994623280383842,1,2,"gibberellin biosynthesis III (early C-13 hydroxylation)","BioCyc"
"35","ARA:PWY-7204",0.141957768388607,0.975326108895485,2,9,"pyridoxal 5'-phosphate salvage II (plants)","BioCyc"
"36","ARA:PWY-5391",0.142743215564512,0.994558045844132,1,2,"syringetin biosynthesis","BioCyc"
"37","ARA:PWY-6527",0.146043612102317,0.974796246553724,2,8,"stachyose degradation","BioCyc"
"38","ARA:PWY-7219",0.148083566586011,0.959089876185409,3,19,"adenosine ribonucleotides de novo biosynthesis","BioCyc"
"39","ARA:PWYQT-4432",0.152030272111175,0.993794207428663,1,2,"glutathione degradation","BioCyc"
"40","ARA:PWY-5692",0.157649376547441,0.993305500033511,1,2,"allantoin degradation to glyoxylate II","BioCyc"
"41","ARA:TRESYN-PWY",0.158233788340821,0.971304929841769,2,8,"trehalose biosynthesis I","BioCyc"
"42","ARA:PROSYN-PWY",0.160925049670287,0.993011270718866,1,2,"L-proline biosynthesis I","BioCyc"
"43","ARA:PWY-6220",0.162225441088292,0.992892547841695,1,2,"jasmonoyl-amino acid conjugates biosynthesis I","BioCyc"
"44","ARA:PWY-6233",0.162225441088292,0.992892547841695,1,2,"jasmonoyl-amino acid conjugates biosynthesis II","BioCyc"
"45","ARA:PWY-7213",0.163358559028088,0.992788204650172,1,2,"wogonin metabolism","BioCyc"
"46","ARA:PWY-5871",0.166114320549489,0.992530962612025,1,2,"ubiquinol-9 biosynthesis (eukaryotic)","BioCyc"
"47","ARA:PROUT-PWY",0.169013659674668,0.99225497554191,1,2,"L-proline degradation","BioCyc"
"48","ARA:PWY-6823",0.171183982969692,0.965974688688983,2,10,"molybdenum cofactor biosynthesis","BioCyc"
"49","ARA:PWY-7343",0.172775480932977,0.966896120664348,2,8,"UDP-glucose biosynthesis","BioCyc"
"50","ARA:GLUT-REDOX-PWY",0.177606948313785,0.991404523815312,1,2,"glutathione-glutaredoxin redox reactions","BioCyc"
"51","ARA:PWY-5723",0.180534082768668,0.945087699193425,3,20,"Rubisco shunt","BioCyc"
"52","ARA:PWY-7450",0.185259251561694,0.987617042477567,1,3,"anthocyanidin modification (Arabidopsis)","BioCyc"
"53","ARA:PWYQT-1",0.186442271673169,0.990478873667404,1,2,"lysine degradation III","BioCyc"
"54","ARA:LIPASYN-PWY",0.19248572261196,0.93994058194244,3,19,"phospholipases","BioCyc"
"55","ARA:PWY-6115",0.196047993003464,0.989412570067908,1,2,"avenacin biosynthesis, initial reactions","BioCyc"
"56","ARA:PWY-6908",0.205487669323913,0.98460279664624,1,3,"thiamine diphosphate biosynthesis IV (eukaryotes)","BioCyc"
"57","ARA:ARG-PRO-PWY",0.206269443542179,0.984478997767025,1,3,"L-arginine degradation VI (arginase 2 pathway)","BioCyc"
"58","ARA:PWY-5142",0.208185131648478,0.984173308138482,1,3,"acyl-ACP thioesterase pathway","BioCyc"
"59","ARA:PWY-5366",0.208185131648478,0.984173308138482,1,3,"palmitoleate biosynthesis II (plants and bacteria)","BioCyc"
"60","ARA:PWY-7985",0.211364707032798,0.983658613898359,1,3,"oxalate degradation VI","BioCyc"
"61","ARA:PWY0-1021",0.211787523950615,0.983589479610372,1,3,"L-alanine biosynthesis III","BioCyc"
"62","ARA:PWY-3982",0.213886724634318,0.983243833143007,1,3,"uracil degradation I (reductive)","BioCyc"
"63","ARA:PWY-43",0.214812737879408,0.983090082259006,1,3,"putrescine biosynthesis II","BioCyc"
"64","ARA:PWY-6745",0.222561923504588,0.98177260900618,1,3,"phytochelatins biosynthesis","BioCyc"
"65","ARA:CHLOROPHYLL-SYN",0.226862214183962,0.944639914117059,2,12,"3,8-divinyl-chlorophyllide a biosynthesis I (aerobic, light-dependent)","BioCyc"
"66","ARA:ARGASEDEG-PWY",0.228398999546494,0.980743542063372,1,3,"L-arginine degradation I (arginase pathway)","BioCyc"
"67","ARA:PWY-4302",0.228788452784122,0.905572177727124,4,37,"aerobic respiration III (alternative oxidase pathway)","BioCyc"
"68","ARA:PWYQT-4450",0.230988033662288,0.980276914743217,1,3,"aliphatic glucosinolate biosynthesis, side chain elongation cycle","BioCyc"
"69","ARA:PWY-5698",0.232423445729851,0.980015494825762,1,3,"allantoin degradation to ureidoglycolate II (ammonia producing)","BioCyc"
"70","ARA:PWY-3341",0.232438695185922,0.980012707154769,1,3,"L-proline biosynthesis III","BioCyc"
"71","ARA:LEU-DEG2-PWY",0.233761589940198,0.942490207807878,2,11,"L-leucine degradation I","BioCyc"
"72","ARA:PWY-6147",0.240460109897139,0.976013997630217,1,4,"6-hydroxymethyl-dihydropterin diphosphate biosynthesis I","BioCyc"
"73","ARA:PWY-6369",0.241103758551534,0.983543418499051,1,2,"inositol pyrophosphates biosynthesis","BioCyc"
"74","ARA:ASPARAGINE-BIOSYNTHESIS",0.241627881584351,0.97829282400045,1,3,"L-asparagine biosynthesis I","BioCyc"
"75","ARA:ASPARAGINESYN-PWY",0.241627881584351,0.97829282400045,1,3,"L-asparagine biosynthesis II","BioCyc"
"76","ARA:PWY0-1325",0.241627881584351,0.97829282400045,1,3,"superpathway of L-asparagine biosynthesis","BioCyc"
"77","ARA:PWY-5441",0.242104497110058,0.978201424570803,1,3,"S-methyl-L-methionine cycle","BioCyc"
"78","ARA:PWY-6287",0.244505920836183,0.977737593842051,1,3,"neurosporene biosynthesis","BioCyc"
"79","ARA:PWY0-662",0.268299742308567,0.969706007726729,1,4,"PRPP biosynthesis I","BioCyc"
"80","ARA:PWY-7061",0.269350396260757,0.972608772125585,1,3,"glutamate-glutamine shuttle","BioCyc"
"81","ARA:PWY-4562",0.271430573540594,0.968943973897766,1,4,"lipid-dependent phytate biosynthesis II (via Ins(1,3,4)P3)","BioCyc"
"82","ARA:PWY-4765",0.271430573540594,0.968943973897766,1,4,"superpathway of lipid-dependent phytate biosynthesis","BioCyc"
"83","ARA:PWY-6554",0.271430573540594,0.968943973897766,1,4,"1D-myo-inositol hexakisphosphate biosynthesis V (from Ins(1,3,4)P3)","BioCyc"
"84","ARA:PWYQT-4482",0.271568946765117,0.968910044352033,1,4,"CDP-diacylglycerol biosynthesis IV","BioCyc"
"85","ARA:PWY-6118",0.272355201619344,0.968716849557003,1,4,"glycerol-3-phosphate shuttle","BioCyc"
"86","ARA:GLYCLEAV-PWY",0.27611952738545,0.967782383991803,1,4,"glycine cleavage","BioCyc"
"87","ARA:SERSYN-PWY",0.276355091169872,0.967723382317541,1,4,"L-serine biosynthesis","BioCyc"
"88","ARA:PWY0-1264",0.281416212696425,0.969895484796009,1,3,"biotin-carboxyl carrier protein assembly","BioCyc"
"89","ARA:PWY-621",0.285655839528558,0.918020019802339,2,13,"sucrose degradation III (sucrose invertase)","BioCyc"
"90","ARA:PYRIDNUCSYN-PWY",0.288738260319815,0.964533911128938,1,4,"NAD biosynthesis I (from aspartate)","BioCyc"
"91","ARA:VALDEG-PWY",0.296805787813329,0.912566784528792,2,13,"L-valine degradation I","BioCyc"
"92","ARA:PWY0-1182",0.299506954778082,0.961618148755079,1,4,"trehalose degradation II (trehalase)","BioCyc"
"93","ARA:PWY-6124",0.299744980567143,0.961552185918493,1,4,"inosine-5'-phosphate biosynthesis II","BioCyc"
"94","ARA:SUCSYN-PWY",0.303183976763126,0.908689120164945,2,14,"sucrose biosynthesis I (from photosynthesis)","BioCyc"
"95","ARA:PWY-5084",0.306635410991544,0.959613980811531,1,4,"2-oxoglutarate decarboxylation to succinyl-CoA","BioCyc"
"96","ARA:GLUCONEO-PWY",0.310351150022629,0.874599618188664,3,25,"gluconeogenesis I","BioCyc"
"97","ARA:MANNOSYL-CHITO-DOLICHOL-BIOSYNTHESIS",0.312500209285948,0.903284164238804,2,15,"protein N-glycosylation (eukaryotic, high mannose)","BioCyc"
"98","ARA:PWY-7356",0.317069015729896,0.953967693172079,1,5,"thiamine salvage IV (yeast)","BioCyc"
"99","ARA:PWY-6936",0.321185175616503,0.952662427936217,1,5,"seleno-amino acid biosynthesis","BioCyc"
"100","ARA:PWYQT-62",0.322448921806631,0.898013819378353,2,15,"superpathway of proto- and siroheme biosynthesis","BioCyc"
"101","ARA:PENTOSE-P-PWY",0.327076406173475,0.894946994313716,2,16,"pentose phosphate pathway","BioCyc"
"102","ARA:PWY0-1319",0.335872358596283,0.947829071044939,1,5,"CDP-diacylglycerol biosynthesis II","BioCyc"
"103","ARA:PWY-1061",0.336188830127717,0.890518105813525,2,15,"homogalacturonan biosynthesis","BioCyc"
"104","ARA:PWY-5046",0.338140378045061,0.947057885365026,1,5,"2-oxoisovalerate decarboxylation to isobutanoyl-CoA","BioCyc"
"105","ARA:PWY-7205",0.338530691097498,0.944962542246096,1,6,"CMP phosphorylation","BioCyc"
"106","ARA:PWY-5043",0.34465472359518,0.944805397269219,1,5,"purine nucleosides salvage II (plant)","BioCyc"
"107","ARA:PWY-6605",0.34465472359518,0.944805397269219,1,5,"adenine and adenosine salvage II","BioCyc"
"108","ARA:PWY-3781",0.345249610890343,0.829176338172323,4,44,"aerobic respiration I (cytochrome c)","BioCyc"
"109","ARA:PWY-401",0.347826011705736,0.943688600538983,1,5,"galactolipid biosynthesis I","BioCyc"
"110","ARA:PWY4FS-6",0.348793351998725,0.94334528660864,1,5,"phosphatidylethanolamine biosynthesis II","BioCyc"
"111","ARA:PWY-7060",0.349398003191478,0.943130060271886,1,5,"ornithine-citrulline shuttle","BioCyc"
"112","ARA:PWYQT-94",0.360988789444813,0.93667450356608,1,6,"superpathway of polyamine biosynthesis","BioCyc"
"113","ARA:PWY-5083",0.369356536072249,0.834097290592859,3,32,"NAD/NADH phosphorylation and dephosphorylation","BioCyc"
"114","ARA:PWY-6351",0.370308837220646,0.871587441040564,2,14,"D-myo-inositol (1,4,5)-trisphosphate biosynthesis","BioCyc"
"115","ARA:GLUTORN-PWY",0.374356006652172,0.931408516440065,1,6,"L-ornithine biosynthesis I","BioCyc"
"116","ARA:PWY-695",0.376765586993367,0.930432214020968,1,6,"abscisic acid biosynthesis","BioCyc"
"117","ARA:PWY-5800",0.383321688766169,0.92773342460629,1,6,"xylan biosynthesis","BioCyc"
"118","ARA:PWY-4041",0.39927691121445,0.920902177975792,1,6,"&gamma;-glutamyl cycle","BioCyc"
"119","ARA:PWY-6612",0.404601582127854,0.916546236796087,1,7,"superpathway of tetrahydrofolate biosynthesis","BioCyc"
"120","ARA:PWY66-399",0.411271614418131,0.80440375052045,3,30,"gluconeogenesis III","BioCyc"
"121","ARA:PWY-6475",0.413677733285183,0.91440816918148,1,6,"trans-lycopene biosynthesis II (plants)","BioCyc"
"122","ARA:PWY-7197",0.42179057640651,0.906831992106456,1,8,"pyrimidine deoxyribonucleotide phosphorylation","BioCyc"
"123","ARA:RIBOSYN2-PWY",0.438819712154603,0.899951190938256,1,7,"flavin biosynthesis I (bacteria and plants)","BioCyc"
"124","ARA:PWY-7226",0.442721475178306,0.896163227573686,1,8,"guanosine deoxyribonucleotides de novo biosynthesis I","BioCyc"
"125","ARA:PWY-7227",0.442721475178306,0.896163227573686,1,8,"adenosine deoxyribonucleotides de novo biosynthesis","BioCyc"
"126","ARA:PWY-841",0.442721475178306,0.896163227573686,1,8,"superpathway of purine nucleotides de novo biosynthesis I","BioCyc"
"127","ARA:PWY-4381",0.44602903971506,0.896212512331173,1,7,"fatty acid biosynthesis initiation I","BioCyc"
"128","ARA:PWY-4101",0.464113950484795,0.884497068785474,1,8,"D-sorbitol degradation I","BioCyc"
"129","ARA:PWY4FS-7",0.464128957179324,0.88448860668914,1,8,"phosphatidylglycerol biosynthesis I (plastidic)","BioCyc"
"130","ARA:PWYQT-4481",0.473608418751535,0.7972842730299,2,20,"TCA cycle variation V (plant)","BioCyc"
"131","ARA:PWY-7221",0.475110934919485,0.876610767936789,1,9,"guanosine ribonucleotides de novo biosynthesis","BioCyc"
"132","ARA:PWY-7416",0.476886748628883,0.877150019892107,1,8,"phospholipid remodeling (phosphatidylcholine, yeast)","BioCyc"
"133","ARA:PWY-4081",0.482700369003795,0.872080434661881,1,9,"glutathione-peroxide redox reactions","BioCyc"
"134","ARA:PWY-6952",0.487937226062247,0.870555989015565,1,8,"glycerophosphodiester degradation","BioCyc"
"135","ARA:LEUSYN-PWY",0.49986439138453,0.863184844730747,1,8,"L-leucine biosynthesis","BioCyc"
"136","ARA:PWY-7187",0.501909638351072,0.858737062789858,1,10,"pyrimidine deoxyribonucleotides de novo biosynthesis II","BioCyc"
"137","ARA:PWY-6663",0.512981461995003,0.854765548770798,1,8,"plant sterol biosynthesis II","BioCyc"
"138","ARA:PWY-5659",0.514734347535797,0.853615116912138,1,8,"GDP-mannose biosynthesis","BioCyc"
"139","ARA:THRESYN-PWY",0.523952288857909,0.845552355554476,1,9,"superpathway of L-threonine biosynthesis","BioCyc"
"140","ARA:PWY-5661",0.536698179256249,0.838679095126784,1,8,"GDP-glucose biosynthesis","BioCyc"
"141","ARA:PWY-5936",0.537473616691935,0.834525840643288,1,10,"xyloglucan biosynthesis","BioCyc"
"142","ARA:PWY-7176",0.537702499648903,0.834361664788321,1,10,"UTP and CTP de novo biosynthesis","BioCyc"
"143","ARA:GLYOXYLATE-BYPASS",0.539147097279537,0.834930292179128,1,9,"glyoxylate cycle","BioCyc"
"144","ARA:PWY-6787",0.54052233093543,0.831015379811232,1,11,"flavonoid biosynthesis (in equisetum)","BioCyc"
"145","ARA:PWY-6724",0.541421445582625,0.835338171840134,1,8,"starch degradation II","BioCyc"
"146","ARA:PYRUVDEHYD-PWY",0.548797325570264,0.827933838127724,1,9,"pyruvate decarboxylation to acetyl CoA","BioCyc"
"147","ARA:PWYQT-4445",0.551364555219017,0.82603909551379,1,9,"pyrimidine salvage pathway","BioCyc"
"148","ARA:ARGSYNBSUB-PWY",0.555329138994638,0.821383324868101,1,10,"L-arginine biosynthesis II (acetyl cycle)","BioCyc"
"149","ARA:TRPSYN-PWY",0.555843789913855,0.820994307292323,1,10,"L-tryptophan biosynthesis","BioCyc"
"150","ARA:ASPASN-ARA-PWY",0.566374663030805,0.812905506255636,1,10,"superpathway of aspartate and asparagine biosynthesis","BioCyc"
"151","ARA:PWY-735",0.56867885721119,0.811102564088578,1,10,"jasmonic acid biosynthesis","BioCyc"
"152","ARA:PWY-622",0.573052889692768,0.713409327908574,2,20,"starch biosynthesis","BioCyc"
"153","ARA:PWY-1042",0.579214741714708,0.705259508458671,2,24,"glycolysis IV (plant cytosol)","BioCyc"
"154","ARA:PWY-7560",0.583950170924038,0.798845785702658,1,10,"methylerythritol phosphate pathway II","BioCyc"
"155","ARA:ARGSYN-PWY",0.588113790585936,0.793865559603204,1,11,"L-arginine biosynthesis I (via L-ornithine)","BioCyc"
"156","ARA:PWY-5667",0.597068148444601,0.786290364567026,1,11,"CDP-diacylglycerol biosynthesis I","BioCyc"
"157","ARA:PWY-7185",0.600738504182736,0.784735656788176,1,10,"UTP and CTP dephosphorylation I","BioCyc"
"158","ARA:PWY-5973",0.611067074760667,0.772677460595801,1,12,"cis-vaccenate biosynthesis","BioCyc"
"159","ARA:PWY0-166",0.613302407024084,0.769502335576836,1,13,"superpathway of pyrimidine deoxyribonucleotides de novo biosynthesis (E. coli)","BioCyc"
"160","ARA:GLUCOSE1PMETAB-PWY",0.614491826921927,0.77265913990426,1,10,"glucose and glucose-1-phosphate degradation","BioCyc"
"161","ARA:PWY-6348",0.622086451543363,0.761451458405158,1,13,"phosphate acquisition","BioCyc"
"162","ARA:PWY-5381",0.637965998957965,0.745308925191614,1,14,"pyridine nucleotide cycling (plants)","BioCyc"
"163","ARA:PWY-7208",0.64826221943487,0.736235433559444,1,13,"superpathway of pyrimidine nucleobases salvage","BioCyc"
"164","ARA:PWY-5484",0.650566846169011,0.630992390587016,2,28,"glycolysis II (from fructose 6-phosphate)","BioCyc"
"165","ARA:PWY-181",0.655130199329161,0.728181421063886,1,14,"photorespiration","BioCyc"
"166","ARA:GLYCOLYSIS",0.662548730167598,0.617780674392,2,28,"glycolysis I (from glucose 6-phosphate)","BioCyc"
"167","ARA:PWY-5687",0.670136388941779,0.712506955661947,1,14,"pyrimidine ribonucleotides interconversion","BioCyc"
"168","ARA:PWY-3742",0.674899748935308,0.707389420560605,1,14,"tetrahydrofolate biosynthesis II","BioCyc"
"169","ARA:BRANCHED-CHAIN-AA-SYN-PWY",0.683831811469914,0.698810574761256,1,13,"superpathway of branched chain amino acid biosynthesis","BioCyc"
"170","ARA:GLUTAMINDEG-PWY",0.692793762933437,0.688762033683173,1,13,"L-glutamine degradation I","BioCyc"
"171","ARA:PWY-5147",0.694270152289538,0.687081465684827,1,13,"oleate biosynthesis I (plants)","BioCyc"
"172","ARA:COMPLETE-ARO-ARA-PWY",0.702516008868611,0.675207152386982,1,15,"superpathway of phenylalanine, tyrosine and tryptophan biosynthesis","BioCyc"
"173","ARA:PWY-7388",0.703542326133587,0.675093652526827,1,14,"octanoyl-[acyl-carrier protein] biosynthesis (mitochondria, yeast)","BioCyc"
"174","ARA:PWY4FS-8",0.703756878283675,0.673747758578822,1,15,"phosphatidylglycerol biosynthesis II (non-plastidic)","BioCyc"
"175","ARA:PWY0-162",0.720641766865817,0.652364703667995,1,16,"superpathway of pyrimidine ribonucleotides de novo biosynthesis","BioCyc"
"176","ARA:PWY-6443",0.722069749242308,0.649716466979078,1,17,"benzoate biosynthesis I (CoA-dependent, &beta;-oxidative)","BioCyc"
"177","ARA:PWY-3001",0.723685787868693,0.649570144398121,1,15,"superpathway of L-isoleucine biosynthesis I","BioCyc"
"178","ARA:PWY-6545",0.724237370200269,0.647004471616155,1,17,"pyrimidine deoxyribonucleotides de novo biosynthesis III","BioCyc"
"179","ARA:PWY-7184",0.724237370200269,0.647004471616155,1,17,"pyrimidine deoxyribonucleotides de novo biosynthesis I","BioCyc"
"180","ARA:PWY-5690",0.762531605442542,0.595249988509161,1,18,"TCA cycle II (plants and fungi)","BioCyc"
"181","ARA:PWY-5989",0.791742991486317,0.552141605426827,1,18,"stearate biosynthesis II (bacteria and plants)","BioCyc"
"182","ARA:CITRULBIO-PWY",0.800114312532046,0.539030972779689,1,18,"L-citrulline biosynthesis","BioCyc"
"183","ARA:PWY-2541",0.824817931898957,0.495933777804047,1,21,"plant sterol biosynthesis","BioCyc"
"184","ARA:PWY-5971",0.824837866066596,0.496562762201222,1,20,"palmitate biosynthesis II (bacteria and plants)","BioCyc"
"185","ARA:TRIGLSYN-PWY",0.85947382339087,0.43103886722584,1,23,"diacylglycerol and triacylglycerol biosynthesis","BioCyc"
"186","ARA:PWY-6803",0.866053031822514,0.417985513660045,1,23,"phosphatidylcholine acyl editing","BioCyc"
"187","ARA:PWY-7211",0.893494380643036,0.357463275100116,1,28,"superpathway of pyrimidine deoxyribonucleotides de novo biosynthesis","BioCyc"
"188","ARA:PWY-6352",0.909841392889084,0.323222749160639,1,20,"3-phosphoinositide biosynthesis","BioCyc"
"189","ARA:ALACAT2-PWY",1,0.780870897298674,0,3,"L-alanine degradation II (to D-lactate)","BioCyc"
"190","ARA:ALANINE-DEG3-PWY",1,0.914045213212592,0,1,"L-alanine degradation III","BioCyc"
"191","ARA:ALANINE-SYN2-PWY",1,0.914045213212592,0,1,"L-alanine biosynthesis II","BioCyc"
"192","ARA:ARGDEG-V-PWY",1,0.91992449709004,0,1,"L-arginine degradation X (arginine monooxygenase pathway)","BioCyc"
"193","ARA:ARGININE-SYN4-PWY",1,0.703434862686485,0,4,"L-ornithine biosynthesis II","BioCyc"
"194","ARA:ARGSPECAT-PWY",1,0.806947123038719,0,3,"spermine biosynthesis","BioCyc"
"195","ARA:ASPARAGINE-DEG1-PWY",1,0.801443072472558,0,3,"L-asparagine degradation I","BioCyc"
"196","ARA:ASPARTATE-DEG1-PWY",1,0.714972750409106,0,4,"L-aspartate degradation I","BioCyc"
"197","ARA:ASPARTATESYN-PWY",1,0.714972750409106,0,4,"L-aspartate biosynthesis","BioCyc"
"198","ARA:ASPSYNII-PWY",1,0.792018174294976,0,3,"cyanide detoxification I","BioCyc"
"199","ARA:BSUBPOLYAMSYN-PWY",1,0.809659923647686,0,3,"spermidine biosynthesis I","BioCyc"
"200","ARA:CALVIN-PWY",1,0.267850644981974,0,18,"Calvin-Benson-Bassham cycle","BioCyc"
"201","ARA:CAMALEXIN-SYN",1,0.924356054547356,0,1,"camalexin biosynthesis","BioCyc"
"202","ARA:CITRULLINE-DEG-PWY",1,0.930437346204205,0,1,"L-citrulline degradation","BioCyc"
"203","ARA:COA-PWY",1,0.814790151866835,0,3,"coenzyme A biosynthesis I","BioCyc"
"204","ARA:CYANCAT-PWY",1,0.932626558944833,0,1,"cyanate degradation","BioCyc"
"205","ARA:CYSTSYN-PWY",1,0.58837394601623,0,7,"L-cysteine biosynthesis I","BioCyc"
"206","ARA:DETOX1-PWY",1,0.588569320677459,0,7,"superoxide radicals degradation","BioCyc"
"207","ARA:DETOX1-PWY-1",1,0.455210635851655,0,11,"reactive oxygen species degradation","BioCyc"
"208","ARA:ETHYL-PWY",1,0.418655706060602,0,12,"ethylene biosynthesis I (plants)","BioCyc"
"209","ARA:ETOH-ACETYLCOA-ANA-PWY",1,0.778882235378213,0,3,"ethanol degradation I","BioCyc"
"210","ARA:FASYN-ELONG-PWY",1,0.626623087165196,0,6,"fatty acid elongation -- saturated","BioCyc"
"211","ARA:GLUGLNSYN-PWY",1,0.864776230035195,0,1,"L-glutamate biosynthesis IV","BioCyc"
"212","ARA:GLUTAMATE-DEG1-PWY",1,0.854415126661112,0,2,"L-glutamate degradation I","BioCyc"
"213","ARA:GLUTAMATE-SYN2-PWY",1,0.854415126661112,0,2,"L-glutamate biosynthesis II","BioCyc"
"214","ARA:GLUTATHIONESYN-PWY",1,0.830474370616958,0,2,"glutathione biosynthesis","BioCyc"
"215","ARA:GLUTSYNIII-PWY",1,0.766253516613905,0,3,"L-glutamate biosynthesis III","BioCyc"
"216","ARA:GLYOXDEG-PWY",1,0.828245337576431,0,2,"glycolate and glyoxylate degradation II","BioCyc"
"217","ARA:GLYSYN-ALA-PWY",1,0.784274540809,0,3,"glycine biosynthesis III","BioCyc"
"218","ARA:GLYSYN-PWY",1,0.769293949910825,0,3,"glycine biosynthesis I","BioCyc"
"219","ARA:GLYSYN2-PWY",1,0.716114048929053,0,4,"glycine biosynthesis","BioCyc"
"220","ARA:HEXPPSYN-PWY",1,0.926668459691453,0,1,"hexaprenyl diphosphate biosynthesis","BioCyc"
"221","ARA:HISTSYN-PWY",1,0.569007663682625,0,7,"L-histidine biosynthesis","BioCyc"
"222","ARA:HOMOCYSDEGR-PWY",1,0.926216866504127,0,1,"L-cysteine biosynthesis III (from L-homocysteine)","BioCyc"
"223","ARA:HOMOSERSYN-PWY",1,0.759581979318197,0,3,"L-homoserine biosynthesis","BioCyc"
"224","ARA:ILE-VAL-PWY",1,0.479495538908305,0,8,"superpathway of isoleucine and valine biosynthesis","BioCyc"
"225","ARA:ILEUDEG-PWY",1,0.596759457792059,0,6,"L-isoleucine degradation I","BioCyc"
"226","ARA:ILEUSYN-PWY",1,0.582618697362826,0,6,"L-isoleucine biosynthesis I (from threonine)","BioCyc"
"227","ARA:KDOSYN-PWY",1,0.922070217959259,0,1,"Kdo transfer to lipid IVA I","BioCyc"
"228","ARA:LCYSDEG-PWY",1,0.933093176295724,0,1,"L-cysteine degradation II","BioCyc"
"229","ARA:LIPAS-PWY",1,0.0673929432730239,0,32,"triacylglycerol degradation","BioCyc"
"230","ARA:LYSINE-DEG2-PWY",1,0.58471362023458,0,6,"lysine degradation II","BioCyc"
"231","ARA:MALATE-ASPARTATE-SHUTTLE-PWY",1,0.535023666557541,0,8,"L-aspartate degradation II","BioCyc"
"232","ARA:MANNCAT-PWY",1,0.929026036939457,0,1,"D-mannose degradation","BioCyc"
"233","ARA:METHIONINE-DEG1-PWY",1,0.747479208162629,0,4,"L-methionine degradation I (to L-homocysteine)","BioCyc"
"234","ARA:NAGLIPASYN-PWY",1,0.850796563764187,0,2,"lipid IVA biosynthesis","BioCyc"
"235","ARA:NONMEVIPP-PWY",1,0.460404810648969,0,9,"methylerythritol phosphate pathway I","BioCyc"
"236","ARA:OXIDATIVEPENT-PWY",1,0.577069248711436,0,7,"pentose phosphate pathway (oxidative branch) I","BioCyc"
"237","ARA:P401-PWY",1,0.860103558192505,0,2,"cyanide degradation","BioCyc"
"238","ARA:PANTO-PWY",1,0.773732206855254,0,3,"phosphopantothenate biosynthesis I","BioCyc"
"239","ARA:PHOSLIPSYN2-PWY",1,0.839159635058697,0,2,"superpathway of phospholipid biosynthesis II (plants)","BioCyc"
"240","ARA:PHOTOALL-PWY",1,0.0540592066011728,0,42,"oxygenic photosynthesis","BioCyc"
"241","ARA:PLPSAL-PWY",1,0.776461609446509,0,3,"pyridoxal 5'-phosphate salvage I","BioCyc"
"242","ARA:POLYAMINSYN3-PWY",1,0.925094065818932,0,1,"superpathway of polyamine biosynthesis II","BioCyc"
"243","ARA:PWY-1001",1,0.335914439162256,0,11,"cellulose biosynthesis","BioCyc"
"244","ARA:PWY-101",1,0.205911455721118,0,24,"photosynthesis light reactions","BioCyc"
"245","ARA:PWY-1081",1,0.348597214631894,0,13,"homogalacturonan degradation","BioCyc"
"246","ARA:PWY-1121",1,0.139794810234821,0,24,"suberin monomers biosynthesis","BioCyc"
"247","ARA:PWY-116",1,0.922151146491114,0,1,"coniferin metabolism","BioCyc"
"248","ARA:PWY-1186",1,0.916190614260618,0,1,"L-homomethionine biosynthesis","BioCyc"
"249","ARA:PWY-1187",1,0.656045987735792,0,6,"glucosinolate biosynthesis from homomethionine","BioCyc"
"250","ARA:PWY-1269",1,0.79601605470924,0,3,"CMP-3-deoxy-D-manno-octulosonate biosynthesis","BioCyc"
"251","ARA:PWY-1422",1,0.689114713747377,0,5,"vitamin E biosynthesis (tocopherols)","BioCyc"
"252","ARA:PWY-1581",1,0.809705525094022,0,3,"plastoquinol-9 biosynthesis I","BioCyc"
"253","ARA:PWY-1722",1,0.732662062873922,0,4,"formate assimilation into 5,10-methylenetetrahydrofolate","BioCyc"
"254","ARA:PWY-1782",1,0.794824067523913,0,3,"superpathway of indole-3-acetate conjugate biosynthesis","BioCyc"
"255","ARA:PWY-1801",1,0.92747563523937,0,1,"formaldehyde oxidation II (glutathione-dependent)","BioCyc"
"256","ARA:PWY-1822",1,0.859902106497811,0,2,"indole-3-acetate activation I","BioCyc"
"257","ARA:PWY-1881",1,0.921546588504526,0,1,"formate oxidation to CO2","BioCyc"
"258","ARA:PWY-2",1,0.83965224753927,0,2,"putrescine degradation IV","BioCyc"
"259","ARA:PWY-2021",1,0.854051210270365,0,2,"indole-3-acetate degradation IV","BioCyc"
"260","ARA:PWY-2161",1,0.573169796502021,0,6,"folate polyglutamylation","BioCyc"
"261","ARA:PWY-2161B",1,0.92519191302492,0,1,"glutamate removal from folates","BioCyc"
"262","ARA:PWY-2161B-PMN",1,0.751330558516212,0,3,"folate polyglutamylation II","BioCyc"
"263","ARA:PWY-2181",1,0.740882393604331,0,4,"free phenylpropanoid acid biosynthesis","BioCyc"
"264","ARA:PWY-2261",1,0.509618973143088,0,9,"ascorbate glutathione cycle","BioCyc"
"265","ARA:PWY-2301",1,0.800163005031732,0,3,"myo-inositol biosynthesis","BioCyc"
"266","ARA:PWY-2501",1,0.473578116708463,0,8,"fatty acid &alpha;-oxidation I","BioCyc"
"267","ARA:PWY-2582",1,0.785291429760159,0,3,"brassinosteroid biosynthesis II","BioCyc"
"268","ARA:PWY-2602",1,0.94362000748642,0,1,"brassinosteroid biosynthesis III","BioCyc"
"269","ARA:PWY-2681",1,0.657950752443106,0,5,"trans-zeatin biosynthesis","BioCyc"
"270","ARA:PWY-2724",1,0.569717063497826,0,6,"alkane oxidation","BioCyc"
"271","ARA:PWY-2781",1,0.841095502346514,0,2,"cis-zeatin biosynthesis","BioCyc"
"272","ARA:PWY-282",1,0.909612715424569,0,1,"cuticular wax biosynthesis","BioCyc"
"273","ARA:PWY-2821",1,0.865266171023716,0,2,"glucosinolate biosynthesis from phenylalanine","BioCyc"
"274","ARA:PWY-2841",1,0.843063808018822,0,2,"cytokinins degradation","BioCyc"
"275","ARA:PWY-2902",1,0.851258127255784,0,2,"cytokinin-O-glucosides biosynthesis","BioCyc"
"276","ARA:PWY-3181",1,0.799428914724756,0,2,"L-tryptophan degradation VI (via tryptamine)","BioCyc"
"277","ARA:PWY-321",1,0.258510730602644,0,16,"cutin biosynthesis","BioCyc"
"278","ARA:PWY-3221",1,0.933952154089685,0,1,"dTDP-L-rhamnose biosynthesis II","BioCyc"
"279","ARA:PWY-3261",1,0.859338368812955,0,2,"UDP-L-rhamnose biosynthesis","BioCyc"
"280","ARA:PWY-3301",1,0.928954791891923,0,1,"sinapate ester biosynthesis","BioCyc"
"281","ARA:PWY-3385",1,0.715164613925827,0,4,"choline biosynthesis I","BioCyc"
"282","ARA:PWY-3461",1,0.800528482281979,0,3,"L-tyrosine biosynthesis II","BioCyc"
"283","ARA:PWY-3462",1,0.72352149242654,0,4,"L-phenylalanine biosynthesis II","BioCyc"
"284","ARA:PWY-3481",1,0.671812870844962,0,5,"superpathway of L-phenylalanine and L-tyrosine biosynthesis","BioCyc"
"285","ARA:PWY-3561",1,0.556839977762733,0,6,"choline biosynthesis III","BioCyc"
"286","ARA:PWY-361",1,0.226684152933157,0,20,"phenylpropanoid biosynthesis","BioCyc"
"287","ARA:PWY-3821",1,0.659285418817074,0,5,"D-galactose degradation III","BioCyc"
"288","ARA:PWY-3841",1,0.41462117614927,0,11,"folate transformations II","BioCyc"
"289","ARA:PWY-3881",1,0.789387854176578,0,3,"mannitol biosynthesis","BioCyc"
"290","ARA:PWY-3941",1,0.84059945034491,0,2,"&beta;-alanine biosynthesis II","BioCyc"
"291","ARA:PWY-4",1,0.819749478535163,0,2,"UDP-D-galacturonate biosynthesis II (from D-galacturonate)","BioCyc"
"292","ARA:PWY-40",1,0.91992449709004,0,1,"putrescine biosynthesis I","BioCyc"
"293","ARA:PWY-4203",1,0.935969229863026,0,1,"volatile benzenoid biosynthesis I (ester formation)","BioCyc"
"294","ARA:PWY-4221ARA",1,0.630117147442987,0,6,"superpathway of pantothenate and coenzymeA biosynthesis","BioCyc"
"295","ARA:PWY-4261",1,0.849254278961164,0,2,"glycerol degradation I","BioCyc"
"296","ARA:PWY-4321",1,0.760320577940656,0,3,"L-glutamate degradation IV","BioCyc"
"297","ARA:PWY-4341",1,0.876112174283192,0,1,"L-glutamate biosynthesis V","BioCyc"
"298","ARA:PWY-4361",1,0.618772061711921,0,6,"S-methyl-5-thio-&alpha;-D-ribose 1-phosphate degradation","BioCyc"
"299","ARA:PWY-4661",1,0.723614439686736,0,4,"1D-myo-inositol hexakisphosphate biosynthesis III (Spirodela polyrrhiza)","BioCyc"
"300","ARA:PWY-4702",1,0.733748011523692,0,4,"phytate degradation I","BioCyc"
"301","ARA:PWY-4821",1,0.708719692787588,0,4,"UDP-D-xylose biosynthesis","BioCyc"
"302","ARA:PWY-4841",1,0.788480187473376,0,3,"UDP-&alpha;-D-glucuronate biosynthesis (from myo-inositol)","BioCyc"
"303","ARA:PWY-4861",1,0.807314214335731,0,3,"UDP-D-galacturonate biosynthesis I (from UDP-D-glucuronate)","BioCyc"
"304","ARA:PWY-4983",1,0.786818817968868,0,3,"L-citrulline-nitric oxide cycle","BioCyc"
"305","ARA:PWY-4984",1,0.613768849960672,0,6,"urea cycle","BioCyc"
"306","ARA:PWY-5027",1,0.80470903383891,0,3,"phylloquinol biosynthesis","BioCyc"
"307","ARA:PWY-5032",1,0.906412769900935,0,1,"ent-kaurene biosynthesis I","BioCyc"
"308","ARA:PWY-5034",1,0.92409279346124,0,1,"GA12 biosynthesis","BioCyc"
"309","ARA:PWY-5041",1,0.677179010576543,0,5,"S-adenosyl-L-methionine cycle II","BioCyc"
"310","ARA:PWY-5063",1,0.9286841378556,0,1,"phytyl diphosphate biosynthesis","BioCyc"
"311","ARA:PWY-5064",1,0.850998817274059,0,2,"chlorophyll a biosynthesis II","BioCyc"
"312","ARA:PWY-5068",1,0.648085714516172,0,5,"chlorophyll cycle","BioCyc"
"313","ARA:PWY-5070",1,0.932002707197896,0,1,"gibberellin biosynthesis I (non C-3, non C-13 hydroxylation)","BioCyc"
"314","ARA:PWY-5079",1,0.726759019508716,0,4,"L-phenylalanine degradation III","BioCyc"
"315","ARA:PWY-5080",1,0.342079495347068,0,14,"very long chain fatty acid biosynthesis I","BioCyc"
"316","ARA:PWY-5086",1,0.916404511762311,0,1,"chlorophyll a biosynthesis I","BioCyc"
"317","ARA:PWY-5097",1,0.473383701084046,0,9,"L-lysine biosynthesis VI","BioCyc"
"318","ARA:PWY-5098",1,0.743998791031379,0,4,"chlorophyll a degradation I","BioCyc"
"319","ARA:PWY-5107",1,0.930266294154346,0,1,"phytol salvage pathway","BioCyc"
"320","ARA:PWY-5111",1,0.849121475788097,0,2,"CMP-KDO biosynthesis II (from D-arabinose 5-phosphate)","BioCyc"
"321","ARA:PWY-5113",1,0.918515833946787,0,1,"UDP-D-apiose biosynthesis (from UDP-D-glucuronate)","BioCyc"
"322","ARA:PWY-5114",1,0.380453079319046,0,12,"UDP-sugars interconversion","BioCyc"
"323","ARA:PWY-5115",1,0.922394507724353,0,1,"GDP-L-galactose biosynthesis","BioCyc"
"324","ARA:PWY-5120",1,0.761496745101542,0,4,"geranylgeranyl diphosphate biosynthesis","BioCyc"
"325","ARA:PWY-5121",1,0.295179175582723,0,15,"superpathway of geranylgeranyl diphosphate biosynthesis II (via MEP)","BioCyc"
"326","ARA:PWY-5122",1,0.742723116691246,0,4,"geranyl diphosphate biosynthesis","BioCyc"
"327","ARA:PWY-5123",1,0.612801388038972,0,6,"trans, trans-farnesyl diphosphate biosynthesis","BioCyc"
"328","ARA:PWY-5125",1,0.815791068909135,0,3,"anthocyanin biosynthesis","BioCyc"
"329","ARA:PWY-5129",1,0.454828861744606,0,9,"sphingolipid biosynthesis (plants)","BioCyc"
"330","ARA:PWY-5136",1,0.5671221378626,0,6,"fatty acid &beta;-oxidation II (peroxisome)","BioCyc"
"331","ARA:PWY-5138",1,0.578640040549642,0,7,"unsaturated, even numbered fatty acid &beta;-oxidation","BioCyc"
"332","ARA:PWY-5143",1,0.453530526950441,0,8,"long-chain fatty acid activation","BioCyc"
"333","ARA:PWY-5148",1,0.71460341781166,0,5,"acyl-CoA hydrolysis","BioCyc"
"334","ARA:PWY-5152",1,0.741937995448414,0,4,"leucodelphinidin biosynthesis","BioCyc"
"335","ARA:PWY-5168",1,0.780496302134957,0,3,"ferulate and sinapate biosynthesis","BioCyc"
"336","ARA:PWY-5172",1,0.759029655590604,0,3,"acetyl-CoA biosynthesis III (from citrate)","BioCyc"
"337","ARA:PWY-5175",1,0.919150888558266,0,1,"lactucaxanthin biosynthesis","BioCyc"
"338","ARA:PWY-5188",1,0.668312171633584,0,5,"tetrapyrrole biosynthesis I (from glutamate)","BioCyc"
"339","ARA:PWY-5194",1,0.854461455469433,0,2,"siroheme biosynthesis","BioCyc"
"340","ARA:PWY-5203",1,0.900407672588755,0,1,"soybean saponin I biosynthesis","BioCyc"
"341","ARA:PWY-5267",1,0.932173019062204,0,1,"glucosinolate activation","BioCyc"
"342","ARA:PWY-5269",1,0.74759624328383,0,4,"cardiolipin biosynthesis II","BioCyc"
"343","ARA:PWY-5271",1,0.922774744972536,0,1,"phaseic acid biosynthesis","BioCyc"
"344","ARA:PWY-5272",1,0.930750852563949,0,1,"abscisic acid glucose ester metabolism","BioCyc"
"345","ARA:PWY-5285",1,0.930009675940114,0,1,"sulfide oxidation III (persulfide dioxygenase)","BioCyc"
"346","ARA:PWY-5287",1,0.932399908873622,0,1,"sanguinarine and macarpine biosynthesis","BioCyc"
"347","ARA:PWY-5313",1,0.872540492749733,0,2,"superpathway of anthocyanin biosynthesis (from cyanidin and cyanidin 3-O-glucoside)","BioCyc"
"348","ARA:PWY-5321",1,0.765421230396904,0,4,"quercetin glycoside biosynthesis (Arabidopsis)","BioCyc"
"349","ARA:PWY-5326",1,0.922286241358392,0,1,"sulfite oxidation IV","BioCyc"
"350","ARA:PWY-5337",1,0.631460253068404,0,5,"stachyose biosynthesis","BioCyc"
"351","ARA:PWY-5342",1,0.908435574185041,0,1,"ajugose biosynthesis I (galactinol-dependent)","BioCyc"
"352","ARA:PWY-5343",1,0.917445377344804,0,1,"ajugose biosynthesis II (galactinol-independent)","BioCyc"
"353","ARA:PWY-5350",1,0.888837640198379,0,2,"thiosulfate disproportionation IV (rhodanese)","BioCyc"
"354","ARA:PWY-5377",1,0.900407672588755,0,1,"&alpha;-amyrin biosynthesis","BioCyc"
"355","ARA:PWY-5386",1,0.530933598518606,0,8,"methylglyoxal degradation I","BioCyc"
"356","ARA:PWY-5410",1,0.815955337631729,0,3,"traumatin and (Z)-3-hexen-1-yl acetate biosynthesis","BioCyc"
"357","ARA:PWY-5453",1,0.824348278612663,0,3,"methylglyoxal degradation III","BioCyc"
"358","ARA:PWY-5466",1,0.934693956120685,0,1,"matairesinol biosynthesis","BioCyc"
"359","ARA:PWY-5486",1,0.720277130744655,0,4,"pyruvate fermentation to ethanol II","BioCyc"
"360","ARA:PWY-5530",1,0.871261396367155,0,2,"sorbitol biosynthesis II","BioCyc"
"361","ARA:PWY-5640",1,0.937862475297399,0,1,"nitrobenzene degradation II","BioCyc"
"362","ARA:PWY-5669",1,0.834045008732462,0,2,"phosphatidylethanolamine biosynthesis I","BioCyc"
"363","ARA:PWY-5670",1,0.830262850166578,0,2,"epoxysqualene biosynthesis","BioCyc"
"364","ARA:PWY-5686",1,0.606483458900161,0,6,"UMP biosynthesis I","BioCyc"
"365","ARA:PWY-5691",1,0.864766126344456,0,2,"urate degradation to allantoin I","BioCyc"
"366","ARA:PWY-5697",1,0.915005915363927,0,1,"allantoin degradation to ureidoglycolate I (urea producing)","BioCyc"
"367","ARA:PWY-5704",1,0.902880541335843,0,1,"urea degradation II","BioCyc"
"368","ARA:PWY-5765",1,0.782801123311096,0,3,"1,3,5-trimethoxybenzene biosynthesis","BioCyc"
"369","ARA:PWY-5783",1,0.926668459691453,0,1,"octaprenyl diphosphate biosynthesis","BioCyc"
"370","ARA:PWY-5788",1,0.854051210270365,0,2,"indole-3-acetate degradation V","BioCyc"
"371","ARA:PWY-5791",1,0.68983150054049,0,4,"1,4-dihydroxy-2-naphthoate biosynthesis II (plants)","BioCyc"
"372","ARA:PWY-5805",1,0.926668459691453,0,1,"nonaprenyl diphosphate biosynthesis I","BioCyc"
"373","ARA:PWY-5807",1,0.926668459691453,0,1,"heptaprenyl diphosphate biosynthesis","BioCyc"
"374","ARA:PWY-581",1,0.600847694684508,0,6,"indole-3-acetate biosynthesis II","BioCyc"
"375","ARA:PWY-5837",1,0.68983150054049,0,4,"1,4-dihydroxy-2-naphthoate biosynthesis","BioCyc"
"376","ARA:PWY-5859",1,0.820134643947512,0,3,"eugenol and isoeugenol biosynthesis","BioCyc"
"377","ARA:PWY-5868",1,0.447697333799649,0,11,"simple coumarins biosynthesis","BioCyc"
"378","ARA:PWY-5876",1,0.928541745850569,0,1,"magnoflorine biosynthesis","BioCyc"
"379","ARA:PWY-5884",1,0.909612715424569,0,1,"wax esters biosynthesis I","BioCyc"
"380","ARA:PWY-5886",1,0.845815277703415,0,2,"4-hydroxyphenylpyruvate biosynthesis","BioCyc"
"381","ARA:PWY-5905",1,0.86259531609634,0,2,"hypusine biosynthesis","BioCyc"
"382","ARA:PWY-5921",1,0.734151254580919,0,4,"glutaminyl-tRNAgln biosynthesis via transamidation","BioCyc"
"383","ARA:PWY-5934",1,0.909511025145885,0,1,"iron reduction and absorption","BioCyc"
"384","ARA:PWY-5943",1,0.933191995190168,0,1,"&beta;-carotene biosynthesis","BioCyc"
"385","ARA:PWY-5944",1,0.930109476113253,0,1,"zeaxanthin biosynthesis","BioCyc"
"386","ARA:PWY-5945",1,0.849004137449811,0,2,"zeaxanthin, antheraxanthin and violaxanthin interconversion","BioCyc"
"387","ARA:PWY-5946",1,0.919150888558266,0,1,"&delta;-carotene biosynthesis","BioCyc"
"388","ARA:PWY-5947",1,0.701780498176337,0,4,"lutein biosynthesis","BioCyc"
"389","ARA:PWY-5957",1,0.940873828921557,0,1,"L-nicotianamine biosynthesis","BioCyc"
"390","ARA:PWY-5963",1,0.707920823981013,0,4,"thio-molybdenum cofactor biosynthesis","BioCyc"
"391","ARA:PWY-5986",1,0.931178089481065,0,1,"ammonium transport","BioCyc"
"392","ARA:PWY-5992",1,0.923266502591272,0,1,"thalianol and derivatives biosynthesis","BioCyc"
"393","ARA:PWY-5995",1,0.857794590250583,0,2,"linoleate biosynthesis I (plants)","BioCyc"
"394","ARA:PWY-5997",1,0.926061930147376,0,1,"&alpha;-linolenate biosynthesis I (plants and red algae)","BioCyc"
"395","ARA:PWY-5998",1,0.946214571928682,0,1,"&gamma;-linolenate biosynthesis I (plants)","BioCyc"
"396","ARA:PWY-6",1,0.823028736897874,0,2,"GDP-L-fucose biosynthesis II (from L-fucose)","BioCyc"
"397","ARA:PWY-601",1,0.865266171023716,0,2,"glucosinolate biosynthesis from tryptophan","BioCyc"
"398","ARA:PWY-6014",1,0.933445820188443,0,1,"vernolate biosynthesis I","BioCyc"
"399","ARA:PWY-6019",1,0.734467533088273,0,4,"pseudouridine degradation","BioCyc"
"400","ARA:PWY-6039",1,0.498610991648931,0,10,"chlorogenic acid biosynthesis I","BioCyc"
"401","ARA:PWY-6040",1,0.654478833861188,0,6,"chlorogenic acid biosynthesis II","BioCyc"
"402","ARA:PWY-6064",1,0.865880723089702,0,2,"methylquercetin biosynthesis","BioCyc"
"403","ARA:PWY-6066",1,0.840739012338521,0,2,"IAA biosynthesis VII","BioCyc"
"404","ARA:PWY-6121",1,0.672038189601891,0,5,"5-aminoimidazole ribonucleotide biosynthesis I","BioCyc"
"405","ARA:PWY-6122",1,0.672038189601891,0,5,"5-aminoimidazole ribonucleotide biosynthesis II","BioCyc"
"406","ARA:PWY-6137",1,0.65340525063456,0,4,"copper transport II","BioCyc"
"407","ARA:PWY-6163",1,0.77000421854389,0,3,"chorismate biosynthesis from 3-dehydroquinate","BioCyc"
"408","ARA:PWY-6164",1,0.857285009277281,0,2,"3-dehydroquinate biosynthesis I","BioCyc"
"409","ARA:PWY-6196",1,0.871595493090395,0,2,"D-serine metabolism","BioCyc"
"410","ARA:PWY-6199",1,0.865880723089702,0,2,"quercetin sulfate biosynthesis","BioCyc"
"411","ARA:PWY-6213",1,0.905308349621388,0,1,"cadmium transport I","BioCyc"
"412","ARA:PWY-6219",1,0.854051210270365,0,2,"indole-3-acetyl-amide conjugate biosynthesis","BioCyc"
"413","ARA:PWY-6232",1,0.935513789221609,0,1,"chrysoeriol biosynthesis","BioCyc"
"414","ARA:PWY-6235",1,0.804599608555747,0,3,"hydroxyjasmonate sulfate biosynthesis","BioCyc"
"415","ARA:PWY-6266",1,0.765421230396904,0,4,"superpathway of flavones and derivatives biosynthesis","BioCyc"
"416","ARA:PWY-6266-ARA",1,0.765421230396904,0,4,"superpathway of flavones and derivatives biosynthesis","BioCyc"
"417","ARA:PWY-63",1,0.776252294740559,0,3,"UDP-L-arabinose biosynthesis I (from UDP-xylose)","BioCyc"
"418","ARA:PWY-6303",1,0.858952245996851,0,2,"methyl indole-3-acetate interconversion","BioCyc"
"419","ARA:PWY-6305",1,0.856264097717784,0,2,"putrescine biosynthesis IV","BioCyc"
"420","ARA:PWY-6317",1,0.470512717407401,0,8,"D-galactose degradation I (Leloir pathway)","BioCyc"
"421","ARA:PWY-6333",1,0.778882235378213,0,3,"acetaldehyde biosynthesis I","BioCyc"
"422","ARA:PWY-6363",1,0.745622534249735,0,3,"D-myo-inositol (1,4,5)-trisphosphate degradation","BioCyc"
"423","ARA:PWY-6364",1,0.808079007158949,0,2,"D-myo-inositol (1,3,4)-trisphosphate biosynthesis","BioCyc"
"424","ARA:PWY-6406",1,0.908294710221592,0,1,"salicylate biosynthesis I","BioCyc"
"425","ARA:PWY-641",1,0.935042166043535,0,1,"proanthocyanidins biosynthesis from flavanols","BioCyc"
"426","ARA:PWY-6424",1,0.936791351013107,0,1,"26,27-dehydrozymosterol metabolism","BioCyc"
"427","ARA:PWY-6441",1,0.48852977191166,0,8,"spermine and spermidine degradation III","BioCyc"
"428","ARA:PWY-6442",1,0.937795054323824,0,1,"spermidine hydroxycinnamic acid conjugates biosynthesis","BioCyc"
"429","ARA:PWY-6444",1,0.569717063497826,0,6,"benzoate biosynthesis II (CoA-independent, non-&beta;-oxidative)","BioCyc"
"430","ARA:PWY-6446",1,0.491309775192334,0,8,"benzoate biosynthesis III (CoA-dependent, non-&beta;-oxidative)","BioCyc"
"431","ARA:PWY-6457",1,0.863045248317225,0,2,"trans-cinnamoyl-CoA biosynthesis","BioCyc"
"432","ARA:PWY-6466",1,0.819085833515184,0,3,"pyridoxal 5'-phosphate biosynthesis II","BioCyc"
"433","ARA:PWY-6473",1,0.818267392656558,0,2,"4-aminobutanoate degradation IV","BioCyc"
"434","ARA:PWY-6483",1,0.749549978774947,0,3,"ceramide degradation","BioCyc"
"435","ARA:PWY-6498",1,0.830355501765493,0,3,"eumelanin biosynthesis","BioCyc"
"436","ARA:PWY-6502",1,0.946910951708396,0,1,"oxidized GTP and dGTP detoxification","BioCyc"
"437","ARA:PWY-6520",1,0.846881519792903,0,2,"nonaprenyl diphosphate biosynthesis II","BioCyc"
"438","ARA:PWY-6535",1,0.818267392656558,0,2,"4-aminobutanoate degradation I","BioCyc"
"439","ARA:PWY-6543",1,0.784388402374562,0,3,"4-aminobenzoate biosynthesis","BioCyc"
"440","ARA:PWY-6544",1,0.719890140520769,0,4,"superpathway of C28 brassinosteroid biosynthesis","BioCyc"
"441","ARA:PWY-6546",1,0.737551910807087,0,4,"brassinosteroids inactivation","BioCyc"
"442","ARA:PWY-6577",1,0.856528756957885,0,2,"farnesylcysteine salvage pathway","BioCyc"
"443","ARA:PWY-66",1,0.879266955615432,0,2,"GDP-L-fucose biosynthesis I (from GDP-D-mannose)","BioCyc"
"444","ARA:PWY-6613",1,0.744450122525116,0,4,"tetrahydrofolate salvage from 5,10-methenyltetrahydrofolate","BioCyc"
"445","ARA:PWY-6614",1,0.852416321902424,0,2,"tetrahydrofolate biosynthesis","BioCyc"
"446","ARA:PWY-6619",1,0.914442956124011,0,1,"adenine and adenosine salvage VI","BioCyc"
"447","ARA:PWY-6623",1,0.934526413095663,0,1,"salicylate glucosides biosynthesis II","BioCyc"
"448","ARA:PWY-6673",1,0.741024214474979,0,4,"caffeoylglucarate biosynthesis","BioCyc"
"449","ARA:PWY-6707",1,0.912197943079349,0,1,"gallate biosynthesis","BioCyc"
"450","ARA:PWY-6710",1,0.933445820188443,0,1,"poly-hydroxy fatty acids biosynthesis","BioCyc"
"451","ARA:PWY-6733",1,0.235323912536316,0,17,"sporopollenin precursors biosynthesis","BioCyc"
"452","ARA:PWY-6754",1,0.794254562322616,0,3,"S-methyl-5'-thioadenosine degradation I","BioCyc"
"453","ARA:PWY-6756",1,0.93245659470017,0,1,"S-methyl-5'-thioadenosine degradation II","BioCyc"
"454","ARA:PWY-6773",1,0.336747492354252,0,7,"1,3-&beta;-D-glucan biosynthesis","BioCyc"
"455","ARA:PWY-6786",1,0.715061934458554,0,5,"detoxification of reactive carbonyls in chloroplasts","BioCyc"
"456","ARA:PWY-6792",1,0.673689619642087,0,6,"scopoletin biosynthesis","BioCyc"
"457","ARA:PWY-6799",1,0.84265280686897,0,2,"fatty acid biosynthesis (plant mitochondria)","BioCyc"
"458","ARA:PWY-6802",1,0.917322782328663,0,1,"salidroside biosynthesis","BioCyc"
"459","ARA:PWY-6804",1,0.919639422946077,0,1,"diacylglycerol biosynthesis (PUFA enrichment in oilseed)","BioCyc"
"460","ARA:PWY-6806",1,0.778612214519411,0,3,"carotenoid cleavage","BioCyc"
"461","ARA:PWY-6825",1,0.880179982647034,0,2,"phosphatidylcholine biosynthesis V","BioCyc"
"462","ARA:PWY-6837",1,0.570966761585224,0,7,"fatty acid beta-oxidation V (unsaturated, odd number, di-isomerase-dependent)","BioCyc"
"463","ARA:PWY-6842",1,0.380889240484721,0,14,"glutathione-mediated detoxification II","BioCyc"
"464","ARA:PWY-6845",1,0.928100647700357,0,1,"nitric oxide biosynthesis (plants)","BioCyc"
"465","ARA:PWY-6898",1,0.919214884108761,0,1,"thiamine salvage III","BioCyc"
"466","ARA:PWY-6902",1,0.756091835001863,0,4,"chitin degradation II (Vibrio)","BioCyc"
"467","ARA:PWY-6922",1,0.661472984707524,0,5,"L-N&delta;-acetylornithine biosynthesis","BioCyc"
"468","ARA:PWY-6927",1,0.590102861288312,0,7,"chlorophyll a degradation II","BioCyc"
"469","ARA:PWY-6931",1,0.888023506559478,0,1,"seleno-amino acid detoxification and volatilization I","BioCyc"
"470","ARA:PWY-6932",1,0.926838116112161,0,1,"selenate reduction","BioCyc"
"471","ARA:PWY-6938",1,0.817952989817962,0,2,"NADH repair","BioCyc"
"472","ARA:PWY-6959",1,0.718753284802357,0,4,"L-ascorbate degradation V","BioCyc"
"473","ARA:PWY-6982",1,0.791459477451008,0,3,"umbelliferone biosynthesis","BioCyc"
"474","ARA:PWY-699",1,0.719890140520769,0,4,"brassinosteroid biosynthesis I","BioCyc"
"475","ARA:PWY-701",1,0.933375354926634,0,1,"L-methionine degradation II","BioCyc"
"476","ARA:PWY-7036",1,0.278160877369184,0,16,"very long chain fatty acid biosynthesis II","BioCyc"
"477","ARA:PWY-7047",1,0.748997090625403,0,4,"malate-oxaloacetate shuttle I","BioCyc"
"478","ARA:PWY-7048",1,0.809733116242642,0,3,"malate-oxaloacetate shuttle II","BioCyc"
"479","ARA:PWY-7067",1,0.926908852500716,0,1,"betulinate biosynthesis","BioCyc"
"480","ARA:PWY-7068",1,0.926908852500716,0,1,"ursolate biosynthesis","BioCyc"
"481","ARA:PWY-7101",1,0.804182086919488,0,3,"5-deoxystrigol biosynthesis","BioCyc"
"482","ARA:PWY-7120",1,0.864337224877927,0,2,"esterified suberin biosynthesis","BioCyc"
"483","ARA:PWY-7158",1,0.932852947939492,0,1,"L-phenylalanine degradation V","BioCyc"
"484","ARA:PWY-7170",1,0.927064564067071,0,1,"phytochromobilin biosynthesis","BioCyc"
"485","ARA:PWY-7177",1,0.625517337810602,0,5,"UTP and CTP dephosphorylation II","BioCyc"
"486","ARA:PWY-7183",1,0.762343469571028,0,3,"pyrimidine nucleobases salvage I","BioCyc"
"487","ARA:PWY-7186",1,0.694139240116242,0,5,"superpathway of scopolin and esculin biosynthesis","BioCyc"
"488","ARA:PWY-7206",1,0.747877817574426,0,4,"pyrimidine deoxyribonucleotides dephosphorylation","BioCyc"
"489","ARA:PWY-7250",1,0.932002707197896,0,1,"[2Fe-2S] iron-sulfur cluster biosynthesis","BioCyc"
"490","ARA:PWY-7267",1,0.872540492749733,0,2,"anthocyanin biosynthesis (pelargonidin 3-O-glucoside)","BioCyc"
"491","ARA:PWY-7270",1,0.319520389645903,0,15,"L-methionine salvage cycle II (plants)","BioCyc"
"492","ARA:PWY-7344",1,0.77700667265935,0,3,"UDP-D-galactose biosynthesis","BioCyc"
"493","ARA:PWY-7346",1,0.92407895797658,0,1,"UDP-&alpha;-D-glucuronate biosynthesis (from UDP-glucose)","BioCyc"
"494","ARA:PWY-7398",1,0.532730894961141,0,9,"coumarins biosynthesis (engineered)","BioCyc"
"495","ARA:PWY-7432",1,0.619963710435252,0,6,"L-phenylalanine biosynthesis III (cytosolic, plants)","BioCyc"
"496","ARA:PWY-7436",1,0.801220395982564,0,3,"vitamin E biosynthesis (tocotrienols)","BioCyc"
"497","ARA:PWY-7528",1,0.518552407512306,0,9,"L-methionine salvage cycle I (bacteria and plants)","BioCyc"
"498","ARA:PWY-7590",1,0.926061930147376,0,1,"(7Z,10Z,13Z)-hexadecatrienoate biosynthesis","BioCyc"
"499","ARA:PWY-762",1,0.794282854870059,0,3,"phospholipid desaturation","BioCyc"
"500","ARA:PWY-7625",1,0.839159635058697,0,2,"phosphatidylinositol biosynthesis II (eukaryotes)","BioCyc"
"501","ARA:PWY-7640",1,0.922774744972536,0,1,"neophaseic acid biosynthesis","BioCyc"
"502","ARA:PWY-782",1,0.852400756830432,0,2,"glycolipid desaturation","BioCyc"
"503","ARA:PWY-801",1,0.850564588805086,0,2,"L-homocysteine and L-cysteine interconversion","BioCyc"
"504","ARA:PWY-82",1,0.804942262687786,0,2,"UDP-L-arabinose biosynthesis II (from L-arabinose)","BioCyc"
"505","ARA:PWY-83",1,0.932711486559381,0,1,"monolignol glucosides biosynthesis","BioCyc"
"506","ARA:PWY-882",1,0.337352586411614,0,13,"L-ascorbate biosynthesis I (L-galactose pathway)","BioCyc"
"507","ARA:PWY-922",1,0.47908865727363,0,8,"mevalonate pathway I","BioCyc"
"508","ARA:PWY0-1313",1,0.678082888925332,0,4,"acetate conversion to acetyl-CoA","BioCyc"
"509","ARA:PWY0-1507",1,0.660367088634625,0,5,"biotin biosynthesis from 8-amino-7-oxononanoate I","BioCyc"
"510","ARA:PWY0-1535",1,0.871595493090395,0,2,"D-serine degradation","BioCyc"
"511","ARA:PWY0-501",1,0.865990660397918,0,2,"lipoate biosynthesis and incorporation I","BioCyc"
"512","ARA:PWY0-541",1,0.896991166555555,0,1,"cyclopropane fatty acid (CFA) biosynthesis","BioCyc"
"513","ARA:PWY0A-6303",1,0.799755634454089,0,3,"methyl indole-3-acetate interconversion","BioCyc"
"514","ARA:PWY1F-353",1,0.84633894630829,0,2,"glycine betaine biosynthesis III (plants)","BioCyc"
"515","ARA:PWY1F-467",1,0.927163716301959,0,1,"phenylpropanoid biosynthesis, initial reactions","BioCyc"
"516","ARA:PWY1F-823",1,0.932782230714056,0,1,"leucopelargonidin and leucocyanidin biosynthesis","BioCyc"
"517","ARA:PWY1F-FLAVSYN",1,0.392223718578331,0,13,"flavonoid biosynthesis","BioCyc"
"518","ARA:PWY3DJ-35471",1,0.859798268717669,0,2,"L-ascorbate biosynthesis IV","BioCyc"
"519","ARA:PWY3O-450",1,0.834934248381054,0,2,"phosphatidylcholine biosynthesis I","BioCyc"
"520","ARA:PWY490-4",1,0.804512856671978,0,3,"L-asparagine biosynthesis III (tRNA-dependent)","BioCyc"
"521","ARA:PWY4FS-10",1,0.935982994461813,0,1,"scopolin biosynthesis","BioCyc"
"522","ARA:PWY4FS-11",1,0.769457648516129,0,3,"L-ascorbate biosynthesis II (L-gulose pathway)","BioCyc"
"523","ARA:PWY4FS-12",1,0.850572385875087,0,2,"VTC2 cycle","BioCyc"
"524","ARA:PWY4FS-13",1,0.850572385875087,0,2,"extended VTC2 cycle","BioCyc"
"525","ARA:PWY4FS-2",1,0.765085299009743,0,3,"phosphatidylcholine biosynthesis II","BioCyc"
"526","ARA:PWY4FS-3",1,0.861547498302949,0,2,"phosphatidylcholine biosynthesis III","BioCyc"
"527","ARA:PWY4FS-4",1,0.861547498302949,0,2,"phosphatidylcholine biosynthesis IV","BioCyc"
"528","ARA:PWY4FS-5",1,0.719154409275268,0,4,"superpathway of phosphatidylcholine biosynthesis","BioCyc"
"529","ARA:PWY66-21",1,0.299616712279131,0,13,"ethanol degradation II","BioCyc"
"530","ARA:PWY66-423",1,0.835211795691937,0,2,"fructose 2,6-bisphosphate biosynthesis","BioCyc"
"531","ARA:PWYDQC-4",1,0.85197226700242,0,2,"indole-3-acetate biosynthesis I","BioCyc"
"532","ARA:PWYQT-4427",1,0.844862774425582,0,2,"sulfoquinovosyl diacylglycerol biosynthesis","BioCyc"
"533","ARA:PWYQT-4429",1,0.737673233734514,0,3,"CO2 fixation into oxaloacetate (anaplerotic)","BioCyc"
"534","ARA:PWYQT-4433",1,0.921707254554216,0,1,"CA1P biosynthesis","BioCyc"
"535","ARA:PWYQT-4449",1,0.753071979344838,0,4,"polyisoprenoid biosynthesis","BioCyc"
"536","ARA:PWYQT-4470",1,0.750481064452425,0,3,"&gamma;-glutamyl cycle (plant pathway)","BioCyc"
"537","ARA:PWYQT-4471",1,0.568411163274476,0,8,"glucosinolate biosynthesis from dihomomethionine","BioCyc"
"538","ARA:PWYQT-4472",1,0.73695382756139,0,4,"glucosinolate biosynthesis from trihomomethionine","BioCyc"
"539","ARA:PWYQT-4473",1,0.73695382756139,0,4,"glucosinolate biosynthesis from tetrahomomethionine","BioCyc"
"540","ARA:PWYQT-4474",1,0.73695382756139,0,4,"glucosinolate biosynthesis from pentahomomethionine","BioCyc"
"541","ARA:PWYQT-4475",1,0.73695382756139,0,4,"glucosinolate biosynthesis from hexahomomethionine","BioCyc"
"542","ARA:PWYQT-4476",1,0.920947790148479,0,1,"indole glucosinolate activation (herbivore attack)","BioCyc"
"543","ARA:SAM-PWY",1,0.807456256736773,0,3,"S-adenosyl-L-methionine biosynthesis","BioCyc"
"544","ARA:SULFMETII-PWY",1,0.782165285031757,0,3,"sulfate reduction II (assimilatory)","BioCyc"
"545","ARA:THIOREDOX-PWY",1,0.557656298065964,0,9,"thioredoxin pathway","BioCyc"
"546","ARA:TYRFUMCAT-PWY",1,0.623155037250597,0,6,"L-tyrosine degradation I","BioCyc"
"547","ARA:UDPNACETYLGALSYN-PWY",1,0.824421482710014,0,2,"UDP-N-acetyl-D-glucosamine biosynthesis II","BioCyc"
"548","ARA:VALSYN-PWY",1,0.524348062889788,0,7,"L-valine biosynthesis","BioCyc"
"549","ARA:XYLCAT-PWY",1,0.831331528072966,0,2,"xylose degradation I","BioCyc"
"550","ARA:PWY-5980",1,0.332523888845064,0,14,"xylogalacturonan biosynthesis","BioCyc"
"551","ARA:PWY-561",1,0.402787831756664,0,12,"superpathway of glyoxylate cycle and fatty acid degradation","BioCyc"
